instrument,name,Year,q,ESGscore,Firm_Size,Leverage
AAPL,Apple Inc,2005,3.8754539511730584,51.7468919045658,9.35452729228868,0.0
AAPL,Apple Inc,2006,3.8266867619877947,44.975353646514,9.752955318231582,0.0
AAPL,Apple Inc,2007,5.281742676845386,37.2803730571511,10.140415658820954,0.0
AAPL,Apple Inc,2008,2.5514791559688668,52.8189256206799,10.585877076443113,0.0
AAPL,Apple Inc,2009,3.5110638112881833,61.9335515995347,10.768506042432708,0.0
AAPL,Apple Inc,2010,3.4569847904446487,59.8853127051985,11.227680420551865,0.0
AAPL,Apple Inc,2011,3.045018996485379,52.6378122002175,11.664538642345256,0.0
AAPL,Apple Inc,2012,3.558651131633951,56.5544715637008,12.078602844284246,0.0
AAPL,Apple Inc,2013,2.1529458828502412,60.2998167054345,12.240474072247506,0.1372734704449247
AAPL,Apple Inc,2014,2.701489916493774,56.1742594117773,12.353798444225676,0.31641370901951643
AAPL,Apple Inc,2015,2.3402671308425047,54.2146680994042,12.579286563504489,0.5400862971806795
AAPL,Apple Inc,2016,2.1458365185304924,61.5580660504009,12.681331193473806,0.6786173771335449
AAPL,Apple Inc,2017,2.4132274095369537,68.1081833318057,12.835531610007385,0.8629808947607929
AAPL,Apple Inc,2018,3.247996553804088,70.7400512915836,12.809636963846287,1.0684666859548098
AAPL,Apple Inc,2019,3.2589259205473304,68.99284696299,12.732326637573383,1.1940478295464592
AAPL,Apple Inc,2020,6.447774919200464,75.6115335054844,12.688153056001358,1.871439722064923
AAPL,Apple Inc,2021,7.011105973755136,82.2482077173983,12.768547200437467,2.163924552226977
AAPL,Apple Inc,2022,6.621766764468256,77.7591679446165,12.773529043959043,2.6144616356173036
AAPL,Apple Inc,2023,7.902411471369862,77.7591679446165,12.77304133451078,1.9941750072410132
AMZN,Amazon.com Inc,2005,5.719264069264069,30.5199453013354,8.215006432761575,6.195121951219512
AMZN,Amazon.com Inc,2006,4.046399266559707,19.3849123084841,8.38091517312361,3.0580046403712298
AMZN,Amazon.com Inc,2007,6.156552043176561,30.0182369380891,8.777247096750544,1.1587301587301588
AMZN,Amazon.com Inc,2008,2.7197305749338465,21.1012571243785,9.025696119812583,0.24850299401197604
AMZN,Amazon.com Inc,2009,4.352412944327807,27.6006795681154,9.53336545669996,0.07475746623549553
AMZN,Amazon.com Inc,2010,4.364792254083098,29.0078798538635,9.841452561616595,0.1260198135198135
AMZN,Amazon.com Inc,2011,3.1924796265527338,43.2045832911328,10.137689731207072,0.24996777104550727
AMZN,Amazon.com Inc,2012,3.6510207341422207,42.5722244199135,10.390686245670963,0.60595703125
AMZN,Amazon.com Inc,2013,4.730237555716029,45.9598244529012,10.600601853657185,0.7097270675148779
AMZN,Amazon.com Inc,2014,2.942881387028713,49.8114512236309,10.906047719562459,1.4979052229773764
AMZN,Amazon.com Inc,2015,5.132497860766457,50.337776477423,11.088950094102968,1.3110430364614465
AMZN,Amazon.com Inc,2016,4.533440325172058,65.288083450002,11.33142756887465,1.0583354939071818
AMZN,Amazon.com Inc,2017,4.646793694311172,71.4852733484693,11.785316218853051,1.5932368544516222
AMZN,Amazon.com Inc,2018,4.837171499188432,85.0328509923201,11.999343635484058,1.1318055523663
AMZN,Amazon.com Inc,2019,4.429603459298195,87.0604862012125,12.324957296407858,1.249355462455688
AMZN,Amazon.com Inc,2020,5.426534628496707,86.0457432629692,12.679803694308427,1.121365252023468
AMZN,Amazon.com Inc,2021,4.367947754007262,78.0370922141241,12.949316279549212,1.0109371044160729
AMZN,Amazon.com Inc,2022,2.226759604473983,78.0370922141241,13.04478014274595,1.163616195230172
AMZN,Amazon.com Inc,2023,3.2951630943404804,79.7878423018153,13.176575009299519,0.8013473684210526
GOOGL,Alphabet Inc,2004,15.531354942473644,48.4579119743916,8.105715342960247,0.0006493559699780407
GOOGL,Alphabet Inc,2005,11.834832002880114,61.0466819239159,9.237158820935372,0.0
GOOGL,Alphabet Inc,2006,7.702280899659192,61.6811729333817,9.824084486081857,0.0
GOOGL,Alphabet Inc,2007,8.540318281565622,56.2641134194861,10.139973931100432,0.0
GOOGL,Alphabet Inc,2008,3.051690980504492,55.2975469584883,10.366201394479342,0.0
GOOGL,Alphabet Inc,2009,4.864887882191517,37.2229286585471,10.608977694374364,0.0
GOOGL,Alphabet Inc,2010,3.358769165096541,43.6201652437054,10.965626018557122,0.0749335005730845
GOOGL,Alphabet Inc,2011,2.949454081351448,47.5564415673818,11.192362009948436,0.0723020036116605
GOOGL,Alphabet Inc,2012,2.547576121239259,49.2675601408224,11.44889881280538,0.0772083943387018
GOOGL,Alphabet Inc,2013,3.4404551092679405,43.5804259541653,11.616564499729714,0.060073990081205834
GOOGL,Alphabet Inc,2014,2.7924097940259123,43.5804259541653,11.783967354323712,0.05011483253588517
GOOGL,Alphabet Inc,2015,3.6618741055601145,62.1599457155099,11.901319013020714,0.0433803425551188
GOOGL,Alphabet Inc,2016,3.294089672352341,62.2739148862608,12.028720719639104,0.028302022497770363
GOOGL,Alphabet Inc,2017,3.7297114077903655,62.2739148862608,12.192455349570988,0.026025888185072982
GOOGL,Alphabet Inc,2018,3.1394558136018422,65.99937556082,12.357900629987787,0.022586529150809557
GOOGL,Alphabet Inc,2019,3.399367239379651,69.6768388459668,12.527826380188019,0.07926351009223498
GOOGL,Alphabet Inc,2020,3.7867130746896276,77.5233873996529,12.67487555419939,0.12075364871665828
GOOGL,Alphabet Inc,2021,5.418514929913045,77.5233873996529,12.791823907070222,0.11329107636060166
GOOGL,Alphabet Inc,2022,3.1857622705768978,81.1191383734943,12.808375658789393,0.11703182584796053
GOOGL,Alphabet Inc,2023,4.3997007892801046,81.1191383734943,12.905182016854337,0.10625838287456552
META,Meta Platforms Inc,2012,4.3367495464477255,29.6181851158801,9.62264867856634,0.20042535091450447
META,Meta Platforms Inc,2013,7.804805979323834,32.853279520576,9.792276623200125,0.03076923076923077
META,Meta Platforms Inc,2014,5.436366215409118,32.3819653284139,10.601224185429881,0.006455008865248227
META,Meta Platforms Inc,2015,6.033005444572631,32.3819653284139,10.807847393542318,0.007123795739291691
META,Meta Platforms Inc,2016,5.123637259278643,35.1594550750566,11.081542368805742,0.0018920836571274116
META,Meta Platforms Inc,2017,6.067682078462922,53.4324374552765,11.344790796686818,0.0009684318129850565
META,Meta Platforms Inc,2018,3.848920829309388,43.1245117529072,11.485903641873922,0.005943395105019791
META,Meta Platforms Inc,2019,4.47192148512476,48.791397954311,11.80092748623293,0.10958497437013874
META,Meta Platforms Inc,2020,4.954994099776545,48.791397954311,11.978644930276912,0.08712292462389898
META,Meta Platforms Inc,2021,5.641341490598662,64.320806191607,12.019664751019025,0.11574404023094355
META,Meta Platforms Inc,2022,1.8405873136377586,64.320806191607,12.132033132571529,0.21698631008726227
META,Meta Platforms Inc,2023,4.1128961820026735,66.793085205659,12.344194112626475,0.24759740938054947
MSFT,Microsoft Corp,2002,4.333401827159034,30.6836703611165,11.122043503986808,0.0
MSFT,Microsoft Corp,2003,3.470717221098139,21.2910777960741,11.284404983843194,0.0
MSFT,Microsoft Corp,2004,3.35774518611523,49.7289963492263,11.433763202923998,0.0
MSFT,Microsoft Corp,2006,3.3686020949178843,50.5082080963766,11.150476741945255,0.0
MSFT,Microsoft Corp,2007,4.375878171945987,82.0561648257371,11.05360061406664,0.0
MSFT,Microsoft Corp,2008,3.4583683870701853,85.6857823223308,11.195375075715546,0.000027558838119384888
MSFT,Microsoft Corp,2009,2.7924989728841414,88.4736788898809,11.2630271763472,0.14558369988371506
MSFT,Microsoft Corp,2010,2.3851181586984547,92.5964563370852,11.363415666242556,0.12861938278289117
MSFT,Microsoft Corp,2011,2.113050117750957,92.5305898620164,11.596383870960311,0.2088362559781371
MSFT,Microsoft Corp,2012,2.2125552687781913,88.011511206242,11.705782989679344,0.1799798080255564
MSFT,Microsoft Corp,2013,2.1293872822629907,92.282546935224,11.866612950896753,0.19760843129306851
MSFT,Microsoft Corp,2014,2.1243926350473363,92.388173236897,12.05747982548026,0.2522164305444177
MSFT,Microsoft Corp,2015,2.211312087525465,92.8375022887709,12.079505517450139,0.44069278123946404
MSFT,Microsoft Corp,2016,2.3439464309684346,91.2886149253839,12.174034873179655,0.7566009694848397
MSFT,Microsoft Corp,2017,2.5717770422173003,90.5904884626842,12.392908995291261,1.2253363538414785
MSFT,Microsoft Corp,2018,3.2626752766102114,93.0349899821091,12.46399629581768,1.057907589641916
MSFT,Microsoft Corp,2019,3.8746746883680676,92.8891422196911,12.565689258514816,0.8448646535717775
MSFT,Microsoft Corp,2020,5.386076877379186,93.2349923650491,12.6158982329153,0.6940593724641602
MSFT,Microsoft Corp,2021,6.349036638014973,92.7072754728029,12.718234376307526,0.5794715046341944
MSFT,Microsoft Corp,2022,5.469189562547966,88.1144888790014,12.807214180294094,0.4707521225876956
MSFT,Microsoft Corp,2023,6.336131910596735,88.1144888790014,12.92872037420774,0.3852189135062529
NVDA,NVIDIA Corp,2001,6.746638260108278,13.9664468081432,7.315334151515397,0.405537175692147
NVDA,NVIDIA Corp,2002,1.1990914122627183,17.8427249332151,7.388337135971929,0.3329691525667239
NVDA,NVIDIA Corp,2003,2.6134528035994005,21.6079989042597,7.243758834360881,0.004633818024420059
NVDA,NVIDIA Corp,2004,2.3521486783221253,15.8080268842601,7.395436730704678,0.0007264900684733863
NVDA,NVIDIA Corp,2005,3.9441639096182666,22.0484955235118,7.5779853572999345,0.0
NVDA,NVIDIA Corp,2006,4.13578509851181,39.5661214786115,7.891802972254243,0.0
NVDA,NVIDIA Corp,2007,3.655373745454177,46.7320840467729,8.228889859355997,0.0
NVDA,NVIDIA Corp,2008,1.285490268231342,43.6696297555761,8.116932616200152,0.011092217157232033
NVDA,NVIDIA Corp,2009,2.4168415842191595,60.6981498277802,8.184769787199782,0.009618256451818666
NVDA,NVIDIA Corp,2010,3.1373861452743634,57.0155011719067,8.410775672883199,0.00787782472335046
NVDA,NVIDIA Corp,2011,1.6325650305568522,63.4779395128366,8.622080635193205,0.005657636639583339
NVDA,NVIDIA Corp,2012,1.1825553390427221,75.8774458755888,8.765964722606462,0.004433992729047334
NVDA,NVIDIA Corp,2013,1.4197345734194982,78.289599167793,8.888880050591453,0.3089472708676379
NVDA,NVIDIA Corp,2014,1.6478669282003084,74.4622534029113,8.882026286956433,0.31730369204763625
NVDA,NVIDIA Corp,2015,2.335184531886024,73.309865963153,8.905172985183382,0.3184157529648691
NVDA,NVIDIA Corp,2016,6.773630728584494,77.0238618298845,9.194312610898985,0.4840333217632766
NVDA,NVIDIA Corp,2017,13.428947602526467,75.7607610407699,9.327323087461798,0.26770178021683844
NVDA,NVIDIA Corp,2018,6.703317785133915,74.5152098382072,9.494917629474484,0.21280239777349605
NVDA,NVIDIA Corp,2019,8.509278660121282,79.335293068066,9.759328456836522,0.2165683382497542
NVDA,NVIDIA Corp,2020,11.45718453683443,77.327836276495,10.267818117285737,0.4568756289587403
NVDA,NVIDIA Corp,2021,14.154619231900787,76.0763846994512,10.696185907157652,0.44457387644671575
NVDA,NVIDIA Corp,2022,11.991001408382303,75.2963674149544,10.625756546668091,0.5443645083932853
NVDA,NVIDIA Corp,2023,23.233344693281403,75.2963674149544,11.09328029328823,0.25724789427148775
TSLA,Tesla Inc,2011,4.5771027461006275,22.2318973052953,6.570109554092817,1.2504095159454576
TSLA,Tesla Inc,2012,3.890803345928432,24.0282878292481,7.015882962497076,3.742309542902967
TSLA,Tesla Inc,2013,7.912241578779691,26.6143321092355,7.790253418761542,0.9096984050845426
TSLA,Tesla Inc,2014,5.1945370578215915,28.1336469047849,8.674068897840792,2.665192879314694
TSLA,Tesla Inc,2015,4.228239033618949,27.6606337160527,8.998688042939866,2.4551684935129816
TSLA,Tesla Inc,2016,1.8434463461029693,31.295131425301,10.028536394840417,1.5266513511403852
TSLA,Tesla Inc,2017,2.1987170834843814,38.3099264096528,10.263096208929142,2.4662528125606227
TSLA,Tesla Inc,2018,2.3378176125621537,47.9233305804764,10.30023524077726,2.4543811873596324
TSLA,Tesla Inc,2019,2.635306479349442,56.8960782954018,10.443162989406174,2.2207615593834995
TSLA,Tesla Inc,2020,13.24672470660428,62.1563616687891,10.86184110878267,0.6005399325084364
TSLA,Tesla Inc,2021,17.713005424023436,63.1870938707065,11.037000338212293,0.2939150021531021
TSLA,Tesla Inc,2022,4.8032441885885016,69.8437356530616,11.318588005497688,0.12857909806728704
TSLA,Tesla Inc,2023,7.512632013356093,69.8437356530616,11.5770076319941,0.15284031037455695
